{
  "features": [
    "HR_mean",
    "HR_std",
    "SDNN",
    "RMSSD",
    "pNN50",
    "LF_HF",
    "SD1_SD2"
  ],
  "mean": [
    48.70094008526155,
    15.603750702199589,
    239.70538811958892,
    359.95186939592463,
    71.09619708902254,
    0.36686491378592534,
    1.4131774131698323
  ],
  "scale": [
    11.38894573850118,
    13.906242695714406,
    126.52690545793196,
    199.77630276078304,
    26.39166579404404,
    0.9834477238567791,
    1.4783406523591762
  ],
  "thresholds": {
    "hr_mean": 49.18897116021781,
    "rmssd": 241.76689186427282,
    "lf_hf": 0.21707923958419095
  }
}